{"l_th": 20.5, "h_th": 41, "std": 0, "zoom": false, "tophat": false, "prec": 0.26666666666666666, "recall": 0.03463203463203463, "f1": 0.06130268199233717, "tophat_size": 7}